<?xml version="1.0" encoding="utf-8" ?>
<odoo>
    <template
        id="snippet_product_category_demo_view"
        name="Snippet Product Category Test"
    >
        <t t-call="website.layout">
            <div id="wrap" class="oe_structure oe_empty">
                <section class="s_product_category py-4">
                    <div class="js_product_category col-12" />
                </section>
            </div>
        </t>
    </template>
    <record id="snippet_product_category_demo_page" model="website.page">
        <field name="is_published">True</field>
        <field name="url">/website_snippet_product_category.demo_page</field>
        <field name="view_id" ref="snippet_product_category_demo_view" />
    </record>
    <record id="snippet_product_category_demo_page_link" model="website.menu">
        <field name="name">Snippet Product Category Demo</field>
        <field name="url">/website_snippet_product_category.demo_page</field>
        <field name="parent_id" ref="website.main_menu" />
        <field name="sequence" type="int">50</field>
        <field name="page_id" ref="snippet_product_category_demo_page" />
    </record>
</odoo>
