<?xml version="1.0" encoding="utf-8"?>
<odoo>
    <data>
        <!--Demo record to create the app being installed-->
        <record id="employee_appraisal" model="hr.employee">
            <field name="name">Ronnie Chals</field>
            <field name="job_title">Chief Medical Officer</field>
            <field name="work_phone">(376)-3852-7863</field>
            <field name="work_email">chals@example.com</field>
            <field name="image_1920" type="base64"
                   file="oh_appraisal/static/image/employee_resign.jpeg"/>
        </record>
    </data>
</odoo>
