<?xml version="1.0" ?>
<odoo>
    <!--    Multi company rule of the model HR Appraisal-->
    <record id="hr_appraisal_company_rule" model="ir.rule">
        <field name="name">Hr Appraisal Multi Company Rule</field>
        <field name="model_id" ref="model_hr_appraisal"/>
        <field eval="True" name="global"/>
        <field name="domain_force">
            ['|',('company_id','=',False),('company_id','child_of',[user.company_id.id])]
        </field>
    </record>
    <!--    Rule for the user group employee in HR Appraisal-->
    <record id="hr_appraisal_rule_employee" model="ir.rule">
        <field name="name">HR Appraisal Employee Rule</field>
        <field name="domain_force">[('creater_id','=',user.id)]</field>
        <field name="global" eval="True"/>
        <field name="model_id" ref="oh_appraisal.model_hr_appraisal"/>
        <field name="groups"
               eval="[(4,ref('oh_appraisal.oh_appraisal_group_employee'))]"/>
        <field name="perm_write" eval="True"/>
        <field name="perm_read" eval="True"/>
        <field name="perm_create" eval="True"/>
        <field name="perm_unlink" eval="True"/>
    </record>
    <!--    Rule for the user group manager in HR Appraisal-->
    <record id="hr_appraisal_rule_manager" model="ir.rule">
        <field name="name">HR Appraisal Manager Rule</field>
        <field name="global" eval="True"/>
        <field name="model_id" ref="oh_appraisal.model_hr_appraisal"/>
        <field name="groups"
               eval="[(4,ref('oh_appraisal.oh_appraisal_group_manager'))]"/>
        <field name="perm_write" eval="True"/>
        <field name="perm_read" eval="True"/>
        <field name="perm_create" eval="True"/>
        <field name="perm_unlink" eval="True"/>
    </record>
</odoo>
